Abbreviation,Base_Pre,Base_Post,Base_Diff,Base_Diff_SE,Base_Diff_LCL,Base_Diff_UCL,Full_Pre,Full_Post,Full_Diff,Full_Diff_SE,Full_Diff_LCL,Full_Diff_UCL
ARTm,79.33323,81.12794,1.79471,1.9680712139,-2.062709579,5.6521295793,73.56148,75.05418,1.4927,1.7899934405,-2.015687143,5.0010871434
ARTs,127.6888,129.6484,1.9596,3.5127891098,-4.925466655,8.8446666551,119.3959,121.0867,1.6908,3.2844480661,-4.74671821,8.1283182096
ARTd,58.76438,59.94821,1.18383,1.5764804278,-1.906071638,4.2737316385,54.85226,55.82243,0.97017,1.4794547696,-1.929561348,3.8699013484
Hjärtfrekv,83.66577,82.06787,-1.5979,2.9746857986,-7.428284165,4.2324841652,81.92461,80.26256,-1.66205,2.8939299614,-7.334152724,4.0100527244
FIO2(u),39.02989,38.70264,-0.32725,3.2204923796,-6.639415064,5.9849150641,37.76975,37.19991,-0.56984,3.1788805592,-6.800445896,5.6607658961
SpO2,94.81762,94.98979,0.17217,0.6111905748,-1.025763527,1.3701035265,94.79176,94.9628,0.17104,0.6086025639,-1.021821025,1.3639010253
VE(u),12.2791,12.44863,0.16953,2.2508149302,-4.242067263,4.5811272632,9.610498,9.697698,0.0872,2.2512356583,-4.32522189,4.4996218902
